<?xml version="1.0"?>
<doc>
    <assembly>
        <name>DevExpress.TreeMap.v17.1.Core</name>
    </assembly>
    <members>
        <member name="T:DevExpress.TreeMap.ITreeMapItem">

            <summary>
                <para>The interface that should be implemented by a class which can be used as a tree map item.

</para>
            </summary>

        </member>
        <member name="P:DevExpress.TreeMap.ITreeMapItem.Children">
            <summary>
                <para>Returns a collection of child items of the current item.
</para>
            </summary>
            <value>An object implementing the <see cref="T:System.Collections.Generic.IList`1[[DevExpress.TreeMap.ITreeMapItem]]"/> interface that is a list of child objects implementing the <see cref="T:DevExpress.TreeMap.ITreeMapItem"/> interface.
</value>


        </member>
        <member name="P:DevExpress.TreeMap.ITreeMapItem.Label">
            <summary>
                <para>Returns the label text of the current item.
</para>
            </summary>
            <value>A string value that is the text label of the item.
</value>


        </member>
        <member name="P:DevExpress.TreeMap.ITreeMapItem.Tag">
            <summary>
                <para>Returns the object that contains data related to the current item.
</para>
            </summary>
            <value>An object storing additional data about the item.
</value>


        </member>
        <member name="P:DevExpress.TreeMap.ITreeMapItem.Value">
            <summary>
                <para>Returns the value of the current item.
</para>
            </summary>
            <value>A <see cref="T:System.Double"/> value specifying the item value.
</value>


        </member>
    </members>
</doc>
